{
    "meta": {
        "num_tuples": 19,
        "num_attributes": 13,
        "num_attributes_in_BN": 8,
        "all_attributes": [
            "nonecholoc",
            "loc",
            "nmethods",
            "ccomdeep",
            "ccom",
            "nest",
            "hvol",
            "nIncomingCalls",
            "nIncomingCallsUniq",
            "nOutgoingInternCalls",
            "nOutgoingExternFlsCalled",
            "nOutgoingExternFlsCalledUniq",
            "nOutgoingExternCallsUniq"
        ],
        "candidate_keys": [
            "nOutgoingExternFlsCalled",
            "nOutgoingExternCallsUniq",
            "nOutgoingExternFlsCalledUniq",
            "nonecholoc",
            "loc"
        ],
        "non_categorical_string_attributes": [],
        "attributes_in_BN": [
            "nmethods",
            "ccomdeep",
            "ccom",
            "nest",
            "hvol",
            "nIncomingCalls",
            "nIncomingCallsUniq",
            "nOutgoingInternCalls"
        ]
    },
    "attribute_description": {
        "nonecholoc": {
            "name": "nonecholoc",
            "data_type": "Integer",
            "is_categorical": true,
            "is_candidate_key": true,
            "min": 10,
            "max": 1351,
            "missing_rate": 0.0,
            "distribution_bins": [
                10.0,
                23.0,
                24.0,
                59.0,
                84.0,
                91.0,
                109.0,
                120.0,
                161.0,
                166.0,
                167.0,
                312.0,
                329.0,
                502.0,
                542.0,
                625.0,
                707.0,
                1045.0,
                1351.0
            ],
            "distribution_probabilities": [
                0.010416798274064425,
                0.054392121457365085,
                0.022589652003910093,
                0.009587739604776017,
                0.0,
                0.03357603519311952,
                0.0,
                0.14688133995531474,
                0.2512036469774999,
                0.0,
                0.08430749257824344,
                0.006287408723511915,
                0.014580402172931016,
                0.18270057138652485,
                0.0,
                0.0,
                0.0,
                0.1052019668967759,
                0.07827482477596306
            ]
        },
        "loc": {
            "name": "loc",
            "data_type": "Integer",
            "is_categorical": true,
            "is_candidate_key": true,
            "min": 10,
            "max": 1357,
            "missing_rate": 0.0,
            "distribution_bins": [
                10.0,
                23.0,
                24.0,
                59.0,
                85.0,
                91.0,
                109.0,
                123.0,
                167.0,
                170.0,
                173.0,
                312.0,
                329.0,
                502.0,
                542.0,
                625.0,
                707.0,
                1046.0,
                1357.0
            ],
            "distribution_probabilities": [
                0.12750355367322389,
                0.2975413990143277,
                0.08651576568680121,
                0.0,
                0.07815912386939966,
                0.0,
                0.031516052079192794,
                0.0,
                0.20796771486810353,
                0.004798054088677818,
                0.0,
                0.0,
                0.07549479694796746,
                0.0,
                0.014455137197159906,
                0.0,
                0.025858734433404296,
                0.02450361400255619,
                0.025686054139185514
            ]
        },
        "nmethods": {
            "name": "nmethods",
            "data_type": "Integer",
            "is_categorical": true,
            "is_candidate_key": false,
            "min": 0,
            "max": 102,
            "missing_rate": 0.0,
            "distribution_bins": [
                0.0,
                1.0,
                2.0,
                5.0,
                10.0,
                14.0,
                15.0,
                40.0,
                51.0,
                54.0,
                69.0,
                102.0
            ],
            "distribution_probabilities": [
                0.5518953201523054,
                0.1150319855122394,
                0.0,
                0.0,
                0.12610666429724557,
                0.0,
                0.10203611817959572,
                0.10492991185861382,
                0.0,
                0.0,
                0.0,
                0.0
            ]
        },
        "ccomdeep": {
            "name": "ccomdeep",
            "data_type": "Integer",
            "is_categorical": true,
            "is_candidate_key": false,
            "min": 3,
            "max": 281,
            "missing_rate": 0.0,
            "distribution_bins": [
                3.0,
                4.0,
                6.0,
                11.0,
                13.0,
                18.0,
                23.0,
                25.0,
                26.0,
                46.0,
                50.0,
                53.0,
                67.0,
                76.0,
                89.0,
                156.0,
                230.0,
                281.0
            ],
            "distribution_probabilities": [
                0.027580886450658187,
                0.0,
                0.6596417029391577,
                0.0,
                0.0,
                0.0,
                0.06510373051255458,
                0.0,
                0.0,
                0.0,
                0.0,
                0.0,
                0.06673715863193666,
                0.0,
                0.0,
                0.0,
                0.18093652146569292,
                0.0
            ]
        },
        "ccom": {
            "name": "ccom",
            "data_type": "Integer",
            "is_categorical": true,
            "is_candidate_key": false,
            "min": 3,
            "max": 281,
            "missing_rate": 0.0,
            "distribution_bins": [
                3.0,
                4.0,
                6.0,
                11.0,
                13.0,
                18.0,
                23.0,
                25.0,
                26.0,
                46.0,
                50.0,
                53.0,
                67.0,
                76.0,
                89.0,
                156.0,
                230.0,
                281.0
            ],
            "distribution_probabilities": [
                0.12858756023998574,
                0.0,
                0.34755478661063965,
                0.0,
                0.34901846171733253,
                0.027419680838882042,
                0.07460955430174566,
                0.0,
                0.0,
                0.0,
                0.0,
                0.0,
                0.0,
                0.0,
                0.0,
                0.05587559080296074,
                0.016934365488453656,
                0.0
            ]
        },
        "nest": {
            "name": "nest",
            "data_type": "Integer",
            "is_categorical": true,
            "is_candidate_key": false,
            "min": 1,
            "max": 7,
            "missing_rate": 0.0,
            "distribution_bins": [
                1.0,
                2.0,
                3.0,
                4.0,
                5.0,
                6.0,
                7.0
            ],
            "distribution_probabilities": [
                0.020412487206384868,
                0.0,
                0.06954208754715309,
                0.7507988714281212,
                0.0,
                0.1592465538183409,
                0.0
            ]
        },