{
    "meta": {
        "num_tuples": 19,
        "num_attributes": 13,
        "num_attributes_in_BN": 9,
        "all_attributes": [
            "nonecholoc",
            "loc",
            "nmethods",
            "ccomdeep",
            "ccom",
            "nest",
            "hvol",
            "nIncomingCalls",
            "nIncomingCallsUniq",
            "nOutgoingInternCalls",
            "nOutgoingExternFlsCalled",
            "nOutgoingExternFlsCalledUniq",
            "nOutgoingExternCallsUniq"
        ],
        "candidate_keys": [
            "nOutgoingExternFlsCalled",
            "nOutgoingExternCallsUniq",
            "loc",
            "nonecholoc"
        ],
        "non_categorical_string_attributes": [],
        "attributes_in_BN": [
            "nmethods",
            "ccomdeep",
            "ccom",
            "nest",
            "hvol",
            "nIncomingCalls",
            "nIncomingCallsUniq",
            "nOutgoingInternCalls",
            "nOutgoingExternFlsCalledUniq"
        ]
    },
    "attribute_description": {
        "nonecholoc": {
            "name": "nonecholoc",
            "data_type": "Integer",
            "is_categorical": true,
            "is_candidate_key": true,
            "min": 10,
            "max": 1382,
            "missing_rate": 0.0,
            "distribution_bins": [
                10.0,
                23.0,
                59.0,
                84.0,
                91.0,
                109.0,
                120.0,
                141.0,
                161.0,
                166.0,
                274.0,
                312.0,
                329.0,
                502.0,
                542.0,
                625.0,
                707.0,
                1351.0,
                1382.0
            ],
            "distribution_probabilities": [
                0.010359357995353908,
                0.05437266187568568,
                0.02254272520039543,
                0.009529583282979062,
                0.0,
                0.033538597131498524,
                0.0,
                0.1469417616509547,
                0.2513541699765477,
                0.0,
                0.08431387036545337,
                0.006226401965192158,
                0.014526557924148038,
                0.18279192950919693,
                0.0,
                0.0,
                0.0,
                0.1052263908662824,
                0.0782759922563122
            ]
        },
        "loc": {
            "name": "loc",
            "data_type": "Integer",
            "is_categorical": true,
            "is_candidate_key": true,
            "min": 10,
            "max": 1388,
            "missing_rate": 0.0,
            "distribution_bins": [
                10.0,
                23.0,
                59.0,
                85.0,
                91.0,
                109.0,
                123.0,
                145.0,
                170.0,
                173.0,
                274.0,
                312.0,
                329.0,
                502.0,
                542.0,
                625.0,
                707.0,
                1357.0,
                1388.0
            ],
            "distribution_probabilities": [
                0.12753825771325888,
                0.2977096998566148,
                0.0865182660877264,
                0.0,
                0.07815505855183946,
                0.0,
                0.031475339830322184,
                0.0,
                0.2080656386849474,
                0.0047363498124914655,
                0.0,
                0.0,
                0.07548863829903069,
                0.0,
                0.014401020381399128,
                0.0,
                0.02581357729436652,
                0.024457392160799656,
                0.025640761327203443
            ]
        },
        "nmethods": {
            "name": "nmethods",
            "data_type": "Integer",
            "is_categorical": true,
            "is_candidate_key": false,
            "min": 0,
            "max": 141,
            "missing_rate": 0.0,
            "distribution_bins": [
                0.0,
                1.0,
                2.0,
                5.0,
                10.0,
                14.0,
                15.0,
                32.0,
                40.0,
                51.0,
                54.0,
                102.0,
                141.0
            ],
            "distribution_probabilities": [
                0.5318629403074836,
                0.10943796345633916,
                0.0,
                0.0,
                0.12162889084437101,
                0.0,
                0.09838133323932739,
                0.1011761861238972,
                0.0,
                0.0,
                0.0,
                0.0,
                0.03751268602858175
            ]
        },
        "ccomdeep": {
            "name": "ccomdeep",
            "data_type": "Integer",
            "is_categorical": true,
            "is_candidate_key": false,
            "min": 3,
            "max": 281,
            "missing_rate": 0.0,
            "distribution_bins": [
                3.0,
                4.0,
                11.0,
                13.0,
                18.0,
                25.0,
                26.0,
                33.0,
                46.0,
                48.0,
                50.0,
                53.0,
                67.0,
                76.0,
                89.0,
                155.0,
                156.0,
                281.0
            ],
            "distribution_probabilities": [
                0.0,
                0.5636123409049166,
                0.0,
                0.0,
                0.0,
                0.05553240612244545,
                0.0,
                0.0,
                0.0,
                0.0,
                0.0,
                0.0569283002298987,
                0.0,
                0.0,
                0.0,
                0.1545207291608155,
                0.0,
                0.16940622358192367
            ]
        },
        "ccom": {
            "name": "ccom",
            "data_type": "Integer",
            "is_categorical": true,
            "is_candidate_key": false,
            "min": 3,
            "max": 281,
            "missing_rate": 0.0,
            "distribution_bins": [
                3.0,
                4.0,
                11.0,
                13.0,
                18.0,
                25.0,
                26.0,
                33.0,
                46.0,
                48.0,
                50.0,
                53.0,
                67.0,
                76.0,
                89.0,
                155.0,
                156.0,
                281.0
            ],
            "distribution_probabilities": [
                0.0,
                0.39622148961215453,
                0.0,
                0.39789049577904356,
                0.03117636222866886,
                0.08498624767666879,
                0.0,
                0.0,
                0.0,
                0.0,
                0.0,
                0.0,
                0.0,
                0.0,
                0.0636241978154854,
                0.01922011872789494,
                0.0,
                0.006881088160083851
            ]
        },
        "nest": {
            "name": "nest",
            "data_type": "Integer",
            "is_categorical": true,
            "is_candidate_key": false,
            "min": 1,
            "max": 7,
            "missing_rate": 0.0,
            "distribution_bins": [
                1.0,
                2.0,
                3.0,
                4.0,
                5.0,
                6.0,
                7.0
            ],